cisa_sector,naics4,naics_title,in_narrow_definition,rationale
Water and Wastewater Systems,2213,"Water, Sewage and Other Systems",yes,Direct operational match; Shannon's home sector
Energy,2211,Electric Power Generation Transmission and Distribution,yes,Grid operations
Energy,2212,Natural Gas Distribution,yes,Gas distribution operations
Energy,2111,Oil and Gas Extraction,no,Upstream extraction; included in broad definition only
Transportation Systems,4811,Scheduled Air Transportation,yes,Air transport operations
Transportation Systems,4821,Rail Transportation,yes,Rail operations
Transportation Systems,4851,Urban Transit Systems,yes,Transit operations
Transportation Systems,4931,Warehousing and Storage,no,Logistics-adjacent; broad only
Communications,5173,Wired and Wireless Telecommunications Carriers,yes,Network operations
Emergency Services,9221,Justice Public Order and Safety Activities,yes,"Police, fire, EMS dispatch (public sector NAICS)"
Healthcare and Public Health,6221,General Medical and Surgical Hospitals,no,Broad only; hospital workforce is huge and dilutes the operational focus
Food and Agriculture,1111,Oilseed and Grain Farming,no,Broad only
Financial Services,5221,Depository Credit Intermediation,no,Broad only; well studied elsewhere
Chemical,3251,Basic Chemical Manufacturing,no,Broad only
Critical Manufacturing,3311,Iron and Steel Mills and Ferroalloy Manufacturing,no,Broad only
Nuclear Reactors Materials and Waste,2211,Electric Power Generation (nuclear subset),yes,Captured under Energy at 4-digit NAICS; noted for completeness
Dams,2211,Hydroelectric (subset of electric power),yes,Captured under Energy at 4-digit NAICS
